Name, Disposition, Critical chance, Critical Damage, Status Chance, Type, Damage Types, Slash PercentAcceltra,0.60000002,0.31999999,2.8,0.060000002,Rifle,{'impact_damage': 35},0,
Amprex,0.75,0.31999999,2.2,0.22000003,Rifle,{'electricity_damage': 22},0,
Arca Plasmor,0.69999999,0.22,1.6,0.27999997,Shotgun,{'radiation_damage': 600},0,
Argonak,1.25,0.27000001,2.3,0.19,Rifle,{'impact_damage': 24.5, 'slash_damage': 26.2, 'puncture_damage': 6.3},0.45964912280701753,
Artax,1,0.02,1.5,0.029999971,Rifle,{'cold_damage': 5},0,
Astilla,1.2,0.17,1.9,0.33000004,Shotgun,{'impact_damage': 70},0,
Astilla Prime,0.5,0.20999999,1.9,0.37,Shotgun,{'impact_damage': 100},0,
Attica,1.42,0.25,3,0.10000002,Crossbow,{'impact_damage': 4, 'slash_damage': 16, 'puncture_damage': 60},0.2,
Basmu,1.15,0.15000001,2,0.28999996,Rifle,{'electricity_damage': 39},0,
Battacor,1.05,0.31999999,2.4000001,0.18000001,Rifle,{'puncture_damage': 24, 'magnetic_damage': 42},0,
Baza,1.05,0.25999999,3,0.10000002,Rifle,{'impact_damage': 5.8, 'slash_damage': 3.5, 'puncture_damage': 6.7},0.21875,
Baza Prime,0.94999999,0.28,3,0.13999999,Rifle,{'impact_damage': 5.8, 'slash_damage': 3.5, 'puncture_damage': 6.7},0.21875,
Boar,1.45,0.1,1.5,0.074999988,Shotgun,{'impact_damage': 96.8, 'slash_damage': 52.8, 'puncture_damage': 26.4},2.4,
Boar Prime,1.34,0.15000001,2,0.11250001,Shotgun,{'impact_damage': 208, 'slash_damage': 64, 'puncture_damage': 48},1.6,
Boltor,1.25,0.1,1.8,0.13999999,Rifle,{'impact_damage': 2.5, 'slash_damage': 2.5, 'puncture_damage': 20},0.1,
Boltor Prime,1.15,0.12,2,0.34000003,Rifle,{'impact_damage': 4.6, 'puncture_damage': 41.4},0,
Braton,1.35,0.12,1.6,0.060000002,Rifle,{'impact_damage': 7.9, 'slash_damage': 8.2, 'puncture_damage': 7.9},0.3416666666666666,
Braton Prime,1.25,0.12,2,0.25999999,Rifle,{'impact_damage': 1.75, 'slash_damage': 21, 'puncture_damage': 12.25},0.6,
Braton Vandal,1.3,0.16,2,0.15999997,Rifle,{'impact_damage': 12.25, 'slash_damage': 21, 'puncture_damage': 1.75},0.6,
Bubonico,0.69999999,0.25,2.3,0.092857122,Arm Cannon,{'puncture': 91, 'toxin': 49, 'impact_damage': 14, 'slash_damage': 133},3.2439024390243905,
Burst Laser,1.45,0.025,1.25,0.019999981,Pistol,{'impact_damage': 0.7, 'slash_damage': 0.3, 'puncture_damage': 6},0.04285714285714286,
Burston,1.45,0.059999999,1.6,0.18000001,Rifle,{'impact_damage': 10, 'slash_damage': 10, 'puncture_damage': 10},0.3333333333333333,
Burston Prime,1.35,0.18000001,1.8,0.30000001,Rifle,{'impact_damage': 10.8, 'slash_damage': 14.4, 'puncture_damage': 10.8},0.4,
Buzlok,1.45,0.23,2.5,0.20999998,Rifle,{'impact_damage': 30, 'slash_damage': 6, 'puncture_damage': 24},0.1,
Carmine Penta,1.3,0.1,2,0.10000002,Launcher,{'impact_damage': 75},0,
Cedo,0.60000002,0.2,2.4000001,0.0033333302,Shotgun,{'puncture_damage': 180},0,
Cernos,1.3,0.36000001,2,0.18000001,Bow,{'impact_damage': 171, 'slash_damage': 9.5, 'puncture_damage': 9.5},0.025,
Cernos Prime,1.25,0.34999999,2,0.30000001,Bow,{'impact_damage': 248.4, 'slash_damage': 13.8, 'puncture_damage': 13.8},0.07500000815217481,
Convectrix,1.46,0.16,2.4000001,0.44999999,Shotgun,{'impact_damage': 2.4, 'slash_damage': 19.2, 'puncture_damage': 2.4},1.5999999999999999,
Corinth,1.1,0.30000001,2.8,0.060000002,Shotgun,{'impact_damage': 151.2, 'slash_damage': 162, 'puncture_damage': 226.8},1.8,
Corinth Prime,0.89999998,0.30000001,2.8,0.090000033,Shotgun,{'impact_damage': 151.2, 'slash_damage': 162, 'puncture_damage': 226.8},1.8,
Cortege,1,0.2,1.9,0.39999998,,{'heat_damage': 90},0,
Corvas,1.2,0.40000001,2.5999999,0.13,,{'impact_damage': 200, 'heat_damage': 240},0,
Cryotra,1,0.050000001,2,0.35000002,Rifle,{'cold_damage': 10},0,
Cyngas,1.3,0.2,2.2,0.30000001,,{'impact_damage': 39.6, 'slash_damage': 40.8, 'puncture_damage': 39.6},0.33999999999999997,
Daikyu,1.25,0.34,2,0.46000004,Bow,{'impact_damage': 210, 'slash_damage': 210, 'puncture_damage': 280},0.3,
Deconstructor,1.25,0,1,0.25,Glaive,{'impact_damage': 50},0,
Deconstructor Prime,1.25,0,1,0.25,Glaive,{'impact_damage': 75},0,
Dera,1.4,0.079999998,1.6,0.22000003,Rifle,{'impact_damage': 6, 'slash_damage': 1.5, 'puncture_damage': 22.5},0.05,
Dera Vandal,1.35,0.079999998,2,0.30000001,Rifle,{'impact_damage': 6.4, 'slash_damage': 1.6, 'puncture_damage': 24},0.05,
Deth Machine Rifle,1.455,0.050000001,2,0.0099999905,Rifle,{'impact_damage': 0.5, 'slash_damage': 4.25, 'puncture_damage': 0.25},0.85,
Deth Machine Rifle Prime,1.455,0.1,2,0.040000021,Rifle,{'impact_damage': 0.7, 'slash_damage': 5.95, 'puncture_damage': 0.35},0.85,
Dex Sybaris,1.2,0.34999999,2,0.10000002,Rifle,{'impact_damage': 22.5, 'slash_damage': 33.75, 'puncture_damage': 18.75},0.45,
Drakgoon,1.4,0.050000001,2,0.069000006,Shotgun,{'impact_damage': 80, 'slash_damage': 240, 'puncture_damage': 80},3.4285714285714284,
Dread,1.3,0.5,2,0.19999999,Bow,{'impact_damage': 16.8, 'slash_damage': 134.4, 'puncture_damage': 16.8},0.4,
Dual Decurion,1.3,0.28,2.2,0.13999999,,{'impact_damage': 49.5, 'slash_damage': 30.2, 'puncture_damage': 30.3},0.27454545454545454,
Exergis,1.1,0.079999998,1.4,0.36000001,Shotgun,{'puncture': 360, 'radiation': 420, 'impact_damage': 60, 'slash_damage': 780},1.4444444444444444,
Ferrox,1.15,0.31999999,2.8,0.10000002,Speargun,{'impact_damage': 35, 'slash_damage': 70, 'puncture_damage': 245},0.2,
Fluctus,1,0.22,2,0.15999997,,{'impact_damage': 50, 'slash_damage': 175, 'puncture_damage': 25},0.7,
Flux Rifle,1.55,0.1,2,0.24000001,Rifle,{'slash_damage': 17.2, 'puncture_damage': 4.8},0.7818181818181817,
Fulmin,0.64999998,0.30000001,2.2,0.15999997,Rifle,{'impact_damage': 100, 'electricity_damage': 400},0,
Glaxion,1.3,0.079999998,2,0.34000003,Rifle,{'cold_damage': 26},0,
Glaxion Vandal,1.25,0.14,2,0.38,Rifle,{'cold_damage': 29},0,
Gorgon,1.4,0.17,1.5,0.090000033,Rifle,{'impact_damage': 18.75, 'slash_damage': 2.5, 'puncture_damage': 3.75},0.1,
Gorgon Wraith,1.35,0.15000001,1.9,0.20999998,Rifle,{'impact_damage': 23, 'slash_damage': 1.3, 'puncture_damage': 2.7},0.04814814814814815,
Grakata,1.35,0.25,2,0.19999999,Rifle,{'impact_damage': 4.4, 'slash_damage': 2.9, 'puncture_damage': 3.7},0.2636363636363636,
Grattler,1,0.25,2,0.25,,{'impact_damage': 10, 'slash_damage': 10, 'puncture_damage': 80},0.03278688524590164,
Grinlok,1.3,0.15000001,2.5,0.35000002,Rifle,{'impact_damage': 93.5, 'slash_damage': 74.8, 'puncture_damage': 18.7},0.39999999999999997,
Harpak,1.55,0.2,2.3,0.17000002,Rifle,{'impact_damage': 5, 'slash_damage': 7.5, 'puncture_damage': 37.5},0.15,
Hek,1.2,0.1,2,0.10714287,Shotgun,{'impact_damage': 78.75, 'slash_damage': 105, 'puncture_damage': 341.25},1.4,
Helstrum,1,0.050000001,1.5,0.30000001,Rifle,{'impact_damage': 5, 'puncture_damage': 4.5},0,
Hema,1.3,0.11,2,0.25,Rifle,{'viral_damage': 47},0,
Hind,1.42,0.07,1.5,0.14999998,Rifle,{'impact_damage': 7.5, 'slash_damage': 15, 'puncture_damage': 7.5},0.5,
Ignis,0.60000002,0.11,2,0.26999998,Rifle,{'heat_damage': 33},0,
Ignis Wraith,0.55000001,0.17,2.5,0.28999996,Rifle,{'heat_damage': 35},0,
Imperator,1.05,0.23999999,2,0.12,,{'impact_damage': 20, 'slash_damage': 12.5, 'puncture_damage': 17.5},0.25,
Imperator Vandal,0.85000002,0.28,2.4000001,0.12,,{'impact_damage': 20, 'slash_damage': 12.5, 'puncture_damage': 17.5},0.25,
Javlok,1.3,0.2,2,0.25,Speargun,{'heat_damage': 160},0,
Karak,1.35,0.090000004,1.5,0.14999998,Rifle,{'impact_damage': 13, 'slash_damage': 7.3, 'puncture_damage': 8.7},0.2517241379310345,
Karak Wraith,1.28,0.13,2,0.25,Rifle,{'impact_damage': 13.95, 'slash_damage': 7.75, 'puncture_damage': 9.3},0.25,
Kohm,1.3,0.11,2.3,0.083333313,Shotgun,{'impact_damage': 6, 'slash_damage': 18, 'puncture_damage': 6},0.6,
Komorex,1.1,0.16,2.0999999,0.35000002,Sniper Rifle,{'impact_damage': 8.7, 'slash_damage': 41.8, 'puncture_damage': 36.5},0.4804597701149425,
Kuva Ayanga,1,0.34999999,2,0.19999999,,{'impact_damage': 87},0,
Kuva Bramma,0.60000002,0.34999999,2.0999999,0.20999998,Bow,{'impact_damage': 187},0,
Kuva Chakkhurr,0.85000002,0.5,2.3,0.26999998,Rifle,{'impact_damage': 260},0,
Kuva Drakgoon,1.1,0.19,2.0999999,0.089999974,Shotgun,{'impact_damage': 46, 'slash_damage': 138, 'puncture_damage': 46},3.0,
Kuva Hind,1.05,0.25,2.0999999,0.33000004,Rifle,{'impact_damage': 7.5, 'slash_damage': 15, 'puncture_damage': 7.5},0.5,
Kuva Karak,1,0.23,2.0999999,0.31,Rifle,{'impact_damage': 7.1, 'slash_damage': 9.7, 'puncture_damage': 6.2},0.42173913043478256,
Kuva Kohm,0.85000002,0.19,2.3,0.10000002,Shotgun,{'impact_damage': 4, 'slash_damage': 12, 'puncture_damage': 4},0.6,
Kuva Ogris,0.89999998,0.090000004,2,0.47000003,Launcher,{'impact_damage': 18.9, 'puncture_damage': 8.1},0,
Kuva Quartakk,1,0.20999999,1.9,0.33000004,Rifle,{'impact_damage': 20, 'slash_damage': 18.35, 'puncture_damage': 15.65},0.33981481481481485,
Kuva Tonkor,0.94999999,0.30000001,2.5,0.17000002,Launcher,{'puncture_damage': 59},0,
Lanka,1,0.2,2,0.25,Sniper Rifle,{'electricity_damage': 200},0,
Larkspur,0.85000002,0.1,1.4,0.5,,{'impact_damage': 10, 'radiation_damage': 80},0,
Laser Rifle,1.21,0.025,1.25,0.019999981,Rifle,{'impact_damage': 0.8, 'slash_damage': 0.8, 'puncture_damage': 6.4},0.1,
Latron,1.4,0.12,2,0.12,Rifle,{'impact_damage': 8.25, 'slash_damage': 8.25, 'puncture_damage': 38.5},0.15,
Latron Prime,1.3,0.22,2.8,0.25999999,Rifle,{'impact_damage': 9, 'slash_damage': 9, 'puncture_damage': 72},0.1,
Latron Wraith,1.35,0.25999999,2.8,0.13999999,Rifle,{'impact_damage': 15, 'slash_damage': 3, 'puncture_damage': 42},0.05,
Lenz,0.94999999,0.5,2,0.050000012,Bow,{'impact_damage': 50},0,
Mausolon,0.5,0.30000001,2.2,0.25999999,,{'impact_damage': 24, 'puncture_damage': 46, 'heat_damage': 50},0,
Miter,1.5,0.050000001,2,0.5,Rifle,{'impact_damage': 20, 'slash_damage': 70, 'puncture_damage': 10},0.28,
Mk1-Braton,1.35,0.079999998,1.5,0.050000012,Rifle,{'impact_damage': 4.5, 'slash_damage': 9, 'puncture_damage': 4.5},0.5,
Mk1-Paris,1.45,0.30000001,2,0.14999998,Bow,{'impact_damage': 5.75, 'slash_damage': 23, 'puncture_damage': 86.25},0.1,
Mk1-Strun,1.45,0.075000003,2,0.060000002,Shotgun,{'impact_damage': 99, 'slash_damage': 54, 'puncture_damage': 27},3.0,
Morgha,0.85000002,0.30000001,2.2,0.27999997,,{'impact_damage': 32},0,
Multron,1,0.125,1.75,0.050000012,Rifle,{'impact_damage': 1.25, 'puncture_damage': 3.75},0,
Mutalist Cernos,1.35,0.15000001,2,0.49000001,Bow,{'impact_damage': 184.5, 'slash_damage': 10.25, 'puncture_damage': 10.25},0.02469879518072289,
Mutalist Quanta,1.5,0.025,1.5,0.14999998,Rifle,{'impact_damage': 2.5, 'slash_damage': 7.5, 'puncture_damage': 15},0.3,
Nagantaka,1.3,0.15000001,2.3,0.38999999,Crossbow,{'impact_damage': 1.6, 'slash_damage': 143.1, 'puncture_damage': 14.3},0.9000001132075615,
Ogris,1.3,0.050000001,2,0.35000002,Launcher,{'blast_damage': 100},0,
Opticor,1.1,0.2,2.5,0.19999999,Rifle,{'impact_damage': 100, 'slash_damage': 50, 'puncture_damage': 850},0.050000003000000175,
Opticor Vandal,1,0.23999999,2.5999999,0.30000001,Rifle,{'impact_damage': 40, 'slash_damage': 80, 'puncture_damage': 280},0.2,
Panthera,1.4,0.12,2,0.24000001,Rifle,{'impact_damage': 20, 'slash_damage': 70, 'puncture_damage': 10},0.7,
Panthera Prime,1.15,0.18000001,2,0.30000001,Rifle,{'impact_damage': 20, 'slash_damage': 70, 'puncture_damage': 10},0.5833333333333334,
Paracyst,1.3099999,0.1,2,0.30000001,Rifle,{'toxin_damage': 33},0,
Paris,1.4,0.30000001,2,0.10000002,Bow,{'impact_damage': 8, 'slash_damage': 32, 'puncture_damage': 120},0.1,
Paris Prime,1.35,0.44999999,2,0.19999999,Bow,{'impact_damage': 9, 'slash_damage': 18, 'puncture_damage': 153},0.05,
Penta,1.35,0.1,2,0.10000002,Launcher,{'impact_damage': 75},0,
Phaedra,1.2,0.14,2,0.30000001,,{'impact_damage': 14, 'slash_damage': 5.6, 'puncture_damage': 36.4},0.09999999999999999,
Phage,1.46,0.19,2,0.15499997,Shotgun,{'viral_damage': 35},0,
Phantasma,1.05,0.029999999,1.5,0.222,Shotgun,{'impact_damage': 30, 'radiation_damage': 60},0,
Prime Laser Rifle,1.21,0.15000001,1.5,0.050000012,Rifle,{'impact_damage': 1.2, 'slash_damage': 2.4, 'puncture_damage': 8.4},0.20000001666666803,
Prisma Burst Laser,1.45,0.050000001,2,0.10000002,Pistol,{'impact_damage': 1, 'slash_damage': 0.5, 'puncture_damage': 8.5},0.05,
Prisma Gorgon,1.3,0.30000001,2.3,0.14999998,Rifle,{'impact_damage': 17.25, 'slash_damage': 2.3, 'puncture_damage': 3.45},0.09999999130434858,
Prisma Grakata,1.3,0.25,2.5,0.20999998,Rifle,{'impact_damage': 6, 'slash_damage': 4, 'puncture_damage': 5},0.26666666666666666,
Prisma Grinlok,1.25,0.20999999,2.9000001,0.37,Rifle,{'impact_damage': 74.8, 'slash_damage': 93.5, 'puncture_damage': 18.7},0.5,
Prisma Tetra,1.45,0.1,2,0.24000001,Rifle,{'impact_damage': 7.6, 'puncture_damage': 30.4},0,
Proboscis Cernos,0.55000001,0.07,1.9,0.43000001,Bow,{'impact_damage': 103.2, 'slash_damage': 145.1, 'puncture_damage': 30.7},0.5200716845878136,
Quanta,1.4,0.16,2.2,0.24000001,Rifle,{'electricity_damage': 20},0,
Quanta Vandal,1.35,0.22,2.4000001,0.44999999,Rifle,{'electricity_damage': 26},0,
Quartakk,1.25,0.19,2.3,0.26999998,Rifle,{'impact_damage': 18.1, 'slash_damage': 16.7, 'puncture_damage': 14.2},0.3408163265306122,
Quellor,1.1,0.12,1.6,0.38,Rifle,{'puncture': 22, 'cold': 16, 'impact_damage': 8, 'slash_damage': 12},0.20689655172413793,
Rakta Cernos,1.25,0.34999999,2,0.14999998,Bow,{'impact_damage': 211.5, 'slash_damage': 11.75, 'puncture_damage': 11.75},0.025,
Rubico,0.89999998,0.30000001,3,0.12,Sniper Rifle,{'impact_damage': 144, 'slash_damage': 9, 'puncture_damage': 27},0.05000000555555618,
Rubico Prime,0.60000002,0.38,3,0.15999997,Sniper Rifle,{'impact_damage': 149.6, 'slash_damage': 9.3, 'puncture_damage': 28.1},0.04973262032085562,
Sancti Tigris,0.94999999,0.15000001,1.5,0.13999999,Shotgun,{'impact_damage': 126, 'slash_damage': 1008, 'puncture_damage': 126},4.8,
Scourge,1.15,0.02,1.5,0.30000001,Speargun,{'corrosive_damage': 70},0,
Secura Penta,1.3,0.25999999,2,0.25999999,Launcher,{'impact_damage': 75},0,
Shedu,0.80000001,0.25,2.0999999,0.23000002,Arm Cannon,{'heat_damage': 71},0,
Simulor,1.2,0.12,2,0.30000001,Rifle,{'magnetic_damage': 100},0,
Snipetron,1.3,0.30000001,1.5,0.12,Sniper Rifle,{'impact_damage': 18, 'slash_damage': 18, 'puncture_damage': 144},0.1,
Snipetron Vandal,1.25,0.28,2,0.15999997,Sniper Rifle,{'impact_damage': 10, 'slash_damage': 10, 'puncture_damage': 180},0.05,
Sobek,1.33,0.11,2,0.162,Shotgun,{'impact_damage': 262.5, 'slash_damage': 43.75, 'puncture_damage': 43.75},0.625,
Soma,1.1,0.30000001,3,0.069999993,Rifle,{'impact_damage': 1.2, 'slash_damage': 6, 'puncture_damage': 4.8},0.5,
Soma Prime,1,0.30000001,3,0.10000002,Rifle,{'impact_damage': 1.2, 'slash_damage': 6, 'puncture_damage': 4.8},0.5,
Sporothrix,1.1,0.0099999998,3,0.52999997,Sniper Rifle,{'impact_damage': 100.2, 'slash_damage': 155.8, 'puncture_damage': 115},0.4199460916442049,
Stahlta,0.85000002,0.23999999,1.8,0.22000003,Rifle,{'impact_damage': 7.3, 'slash_damage': 28.1, 'puncture_damage': 16.6},0.5403846153846155,
Stinger,1.3150001,0.025,1.5,0.050000012,Rifle,{'toxin_damage': 15},0,
Stradavar,1.1,0.23999999,2,0.12,Rifle,{'impact_damage': 9.8, 'slash_damage': 8.4, 'puncture_damage': 9.8},0.3,
Stradavar Prime,1.1,0.23999999,2.5999999,0.12,Rifle,{'impact_damage': 10.5, 'slash_damage': 9, 'puncture_damage': 10.5},0.3,
Strun,1.4,0.075000003,1.5,0.050000012,Shotgun,{'impact_damage': 165, 'slash_damage': 90, 'puncture_damage': 45},3.6,
Strun Wraith,1.35,0.18000001,2.2,0.12,Shotgun,{'impact_damage': 260, 'slash_damage': 80, 'puncture_damage': 60},2.0,
Supra,1.05,0.12,1.8,0.30000001,Rifle,{'impact_damage': 4, 'slash_damage': 6, 'puncture_damage': 30},0.15,
Supra Vandal,0.94999999,0.16,2,0.30000001,Rifle,{'impact_damage': 4, 'slash_damage': 6, 'puncture_damage': 30},0.15,
Sweeper,1,0.050000001,1.5,0.023333311,Shotgun,{'impact_damage': 35.7, 'slash_damage': 4.2, 'puncture_damage': 2.1},0.6,
Sweeper Prime,1,0.050000001,2,0.024999976,Shotgun,{'impact_damage': 51, 'slash_damage': 6, 'puncture_damage': 3},0.6,
Sybaris,1.25,0.25,2,0.10000002,Rifle,{'impact_damage': 26.4, 'slash_damage': 27.2, 'puncture_damage': 26.4},0.33999999999999997,
Sybaris Prime,1.15,0.30000001,2,0.25,Rifle,{'impact_damage': 29, 'slash_damage': 29.9, 'puncture_damage': 29},0.3397727272727273,
Synapse,1.3099999,0.38999999,2.7,0.13,Rifle,{'corrosive_damage': 20},0,
Synoid Simulor,1.15,0.14,2,0.35000002,Rifle,{'magnetic_damage': 125},0,
Tazicor,1,0.02,1.5,0.14999998,Rifle,{'electricity_damage': 6},0,
Telos Boltor,1.15,0.30000001,2.4000001,0.15999997,Rifle,{'impact_damage': 3, 'puncture_damage': 27},0,
Tenora,1.1,0.28,2,0.15999997,Rifle,{'impact_damage': 7.2, 'slash_damage': 7.2, 'puncture_damage': 9.6},0.3,
Tenora Prime,0.5,0.30000001,2.2,0.24000001,Rifle,{'impact_damage': 8.4, 'slash_damage': 8.4, 'puncture_damage': 11.2},0.3,
Tetra,1.5,0.039999999,1.5,0.19999999,Rifle,{'impact_damage': 6.4, 'puncture_damage': 25.6},0,
Tiberon,1.05,0.25999999,2.4000001,0.15999997,Rifle,{'impact_damage': 11, 'slash_damage': 11, 'puncture_damage': 22},0.25,
Tiberon Prime,0.89999998,0.28,3,0.19999999,Rifle,{'impact_damage': 13.8, 'slash_damage': 13.8, 'puncture_damage': 18.4},0.3,
Tigris,1.1,0.1,2,0.16799998,Shotgun,{'impact_damage': 105, 'slash_damage': 840, 'puncture_damage': 105},4.0,
Tigris Prime,0.85000002,0.1,2,0.11250001,Shotgun,{'impact_damage': 156, 'slash_damage': 1248, 'puncture_damage': 156},6.4,
Tonkor,1.3,0.25,2.5,0.10000002,Launcher,{'puncture_damage': 75},0,
Torid,1.3,0.15000001,2,0.23000002,Launcher,{'toxin_damage': 100},0,
Trumna,0.75,0.23999999,2.2,0.30000001,Rifle,{'impact_damage': 29, 'heat_damage': 53},0,
Vaykor Hek,1.1,0.25,2,0.10714287,Shotgun,{'impact_damage': 78.75, 'slash_damage': 105, 'puncture_damage': 341.25},1.4,
Vectis,1.05,0.25,2,0.30000001,Sniper Rifle,{'impact_damage': 90, 'slash_damage': 56.25, 'puncture_damage': 78.75},0.25,
Vectis Prime,0.85000002,0.30000001,2,0.30000001,Sniper Rifle,{'impact_damage': 140, 'slash_damage': 52.5, 'puncture_damage': 157.5},0.15,
Veldt,1.3,0.22,2.2,0.22000003,Rifle,{'impact_damage': 23.4, 'slash_damage': 43.2, 'puncture_damage': 23.4},0.48000000000000004,
Velocitus,1.1,0.30000001,2,0.25,,{'puncture': 150, 'magnetic': 150, 'impact_damage': 150, 'slash_damage': 150},0.09375,
Verglas,1.3,0.079999998,2,0.34000003,Rifle,{'cold_damage': 26},0,
Vulcax,1,0.2,2.5,0.10000002,Rifle,{'heat_damage': 35},0,
Vulkar,1.45,0.2,2,0.25,Sniper Rifle,{'impact_damage': 180, 'slash_damage': 11.2, 'puncture_damage': 33.8},0.04977778220246953,
Vulkar Wraith,1.4,0.2,2,0.25,Sniper Rifle,{'impact_damage': 245.7, 'puncture_damage': 27.3},0,
Vulklok,1.245,0.34999999,2.5,0.25,Sniper Rifle,{'electricity_damage': 85},0,
Zarr,1.15,0.17,2.5,0.28999996,Launcher,{'impact_damage': 25},0,
Zenith,1.1,0.1,2,0.34000003,Rifle,{'impact_damage': 4.5, 'slash_damage': 19.5, 'puncture_damage': 6},0.65,
Zhuge,1.2,0.2,2,0.35000002,Crossbow,{'impact_damage': 5, 'slash_damage': 20, 'puncture_damage': 75},0.2,
Zhuge Prime,1.15,0.25999999,2,0.30000001,Crossbow,{'impact_damage': 10, 'slash_damage': 17.5, 'puncture_damage': 22.5},0.35,

Acrid,1.33,0.050000001,2,0.10000002,Pistol,{'toxin_damage': 35},0,
Afuris,1.45,0.050000001,2,0.12,Dual Pistols,{'impact_damage': 3, 'slash_damage': 3, 'puncture_damage': 14},0.15,
Akarius,1.05,0.059999999,1.8,0.27999997,Dual Pistols,{'impact_damage': 68},0,
Akbolto,1.3,0.16,2.4000001,0.022000015,Dual Pistols,{'impact_damage': 4, 'puncture_damage': 36},0,
Akbolto Prime,1.15,0.36000001,2.8,0.13999999,Dual Pistols,{'impact_damage': 3.2, 'slash_damage': 1.3, 'puncture_damage': 27.5},0.040625,
Akbronco,1.35,0.059999999,2,0.031428576,Dual Shotguns,{'impact_damage': 224, 'slash_damage': 28, 'puncture_damage': 28},0.7,
Akbronco Prime,1.3,0.059999999,2,0.12857145,Dual Shotguns,{'impact_damage': 280, 'slash_damage': 35, 'puncture_damage': 35},0.7,
Akjagara,1.05,0.059999999,2,0.27999997,Dual Pistols,{'impact_damage': 4.5, 'slash_damage': 21, 'puncture_damage': 4.5},0.7,
Akjagara Prime,0.89999998,0.18000001,2.2,0.31999999,Dual Pistols,{'impact_damage': 3.6, 'slash_damage': 28.8, 'puncture_damage': 3.6},0.8,
Aklato,1.52,0.1,1.8,0.060000002,Dual Pistols,{'impact_damage': 4.5, 'slash_damage': 18, 'puncture_damage': 7.5},0.6,
Aklex,1.05,0.2,2,0.10000002,Dual Pistols,{'impact_damage': 13, 'slash_damage': 13, 'puncture_damage': 104},0.1,
Aklex Prime,0.85000002,0.25,2,0.25,Dual Pistols,{'impact_damage': 15, 'slash_damage': 15, 'puncture_damage': 120},0.1,
Akmagnus,1.35,0.22,2,0.22000003,Dual Pistols,{'impact_damage': 34.2, 'slash_damage': 20.9, 'puncture_damage': 20.9},0.27499999999999997,
Aksomati,1.25,0.23999999,3,0.079999983,Dual Pistols,{'impact_damage': 1.8, 'slash_damage': 9, 'puncture_damage': 7.2},0.5,
Aksomati Prime,0.94999999,0.23999999,3,0.18000001,Dual Pistols,{'impact_damage': 2, 'slash_damage': 10, 'puncture_damage': 8},0.5,
Akstiletto,0.94999999,0.18000001,1.8,0.18000001,Dual Pistols,{'impact_damage': 16.8, 'slash_damage': 8.4, 'puncture_damage': 2.8},0.3,
Akstiletto Prime,0.64999998,0.15000001,2,0.30000001,Dual Pistols,{'impact_damage': 21.6, 'slash_damage': 10.8, 'puncture_damage': 3.6},0.30000000000000004,
Akvasto,1.25,0.16,1.8,0.12,Dual Pistols,{'impact_damage': 14.5, 'slash_damage': 29, 'puncture_damage': 14.5},0.5,
Akvasto Prime,1.2,0.22,2.4000001,0.22000003,Dual Pistols,{'impact_damage': 9.9, 'slash_damage': 46.2, 'puncture_damage': 9.9},0.7000000000000001,
Akzani,1.52,0.14,2,0.13999999,Dual Pistols,{'impact_damage': 1.8, 'slash_damage': 1.8, 'puncture_damage': 8.4},0.15,
Angstrum,1.35,0.16,2,0.22000003,Pistol,{'blast_damage': 200},0,
Arca Scisco,1.1,0.18000001,1.6,0.25999999,Pistol,{'slash_damage': 24, 'puncture_damage': 36},0.4,
Athodai,1,0.31999999,2,0.079999983,Pistol,{'puncture_damage': 22, 'heat_damage': 48},0,
Atomos,0.89999998,0.15000001,1.7,0.20999998,Pistol,{'heat_damage': 29},0,
Azima,1.25,0.16,2,0.15999997,Pistol,{'impact_damage': 2, 'slash_damage': 13, 'puncture_damage': 5},0.65,
Ballistica,1.25,0.025,1.5,0.10000002,Crossbow,{'impact_damage': 10, 'slash_damage': 10, 'puncture_damage': 80},0.1,
Ballistica Prime,1.2,0.2,2,0.14999998,Crossbow,{'impact_damage': 8, 'slash_damage': 64, 'puncture_damage': 88},0.8421052631578947,
Bolto,1.51,0.16,2.4000001,0.022000015,Pistol,{'impact_damage': 4, 'puncture_damage': 36},0,
Brakk,1.25,0.17,2,0.050999999,Shotgun Sidearm,{'impact_damage': 90, 'slash_damage': 60, 'puncture_damage': 50},3.0,
Bronco,1.45,0.059999999,2,0.094285727,Shotgun Sidearm,{'impact_damage': 224, 'slash_damage': 28, 'puncture_damage': 28},0.7,
Bronco Prime,1.4,0.059999999,2,0.12857145,Shotgun Sidearm,{'impact_damage': 280, 'slash_damage': 35, 'puncture_damage': 35},0.7,
Castanas,1.4,0.079999998,1.5,0.22000003,Thrown,{'electricity_damage': 160},0,
Catabolyst,1,0.11,2.9000001,0.43000001,Pistol,{'corrosive_damage': 53},0,
Cestra,1.52,0.059999999,1.6,0.19999999,Pistol,{'impact_damage': 5.2, 'puncture_damage': 20.8},0,
Cyanex,0.85000002,0.079999998,1.4,0.31999999,Pistol,{'impact_damage': 50},0,
Cycron,1.2,0.12,1.8,0.30000001,Pistol,{'slash_damage': 5, 'puncture_damage': 8, 'radiation_damage': 10},0.21739130434782608,
Despair,1.3,0.16,1.6,0.15999997,Thrown,{'impact_damage': 2.9, 'slash_damage': 8.7, 'puncture_damage': 46.4},0.15,
Detron,1.15,0.039999999,1.5,0.12857145,Shotgun Sidearm,{'radiation_damage': 280},0,
Dex Furis,1.39,0.14,2,0.27999997,Dual Pistols,{'impact_damage': 2.4, 'slash_damage': 2.4, 'puncture_damage': 11.2},0.15,
Dual Cestra,1.35,0.059999999,1.6,0.19999999,Dual Pistols,{'impact_damage': 5.2, 'puncture_damage': 20.8},0,
Dual Toxocyst,1.35,0.050000001,2,0.37,Dual Pistols,{'impact_damage': 7.5, 'slash_damage': 7.5, 'puncture_damage': 60},0.1,
Embolist,1.4,0.029999999,1.5,0.40999997,Pistol,{'toxin_damage': 35},0,
Epitaph,0.5,0.02,1.2,0.040000021,Pistol,{'impact_damage': 40, 'slash_damage': 30, 'puncture_damage': 30},0.1,
Euphona Prime,0.80000001,0.30000001,2.5,0.019999981,Shotgun Sidearm,{'impact_damage': 292.5, 'slash_damage': 16.25, 'puncture_damage': 16.25},0.05,
Furis,1.35,0.050000001,2,0.12,Pistol,{'impact_damage': 3, 'slash_damage': 3, 'puncture_damage': 14},0.15,
Fusilai,1.35,0.23,1.7,0.28999996,Thrown,{'slash_damage': 46.2, 'puncture_damage': 30.8},0.6000000000000001,
Gammacor,1.15,0.079999998,1.8,0.19999999,Pistol,{'magnetic_damage': 16},0,
Hikou,1.3,0.039999999,1.6,0.10000002,Thrown,{'impact_damage': 2.6, 'slash_damage': 7.8, 'puncture_damage': 15.6},0.3,
Hikou Prime,1.25,0.059999999,1.8,0.27999997,Thrown,{'impact_damage': 3.6, 'slash_damage': 1.8, 'puncture_damage': 30.6},0.05,
Hystrix,1.2,0.23999999,2.2,0.10000002,Pistol,{'impact_damage': 2.2, 'slash_damage': 2.9, 'puncture_damage': 31},0.08055554660493927,
Knell,1.25,0.2,1.5,0.050000012,Pistol,{'impact_damage': 63, 'slash_damage': 18, 'puncture_damage': 69},0.12,
Kohmak,1.35,0.11,2,0.13800001,Shotgun Sidearm,{'impact_damage': 6, 'slash_damage': 18, 'puncture_damage': 6},0.6,
Kraken,1.53,0.050000001,2,0.13,Pistol,{'impact_damage': 36.8, 'slash_damage': 6.1, 'puncture_damage': 6.1},0.12448979591836734,
Kulstar,1.3,0.17,2.3,0.19,Pistol,{'impact_damage': 200},0,
Kunai,1.51,0.079999998,1.6,0.079999983,Thrown,{'impact_damage': 4.6, 'slash_damage': 6.9, 'puncture_damage': 34.5},0.1500000130434794,
Kuva Brakk,0.89999998,0.28999999,2,0.111,Shotgun Sidearm,{'impact_damage': 58.5, 'slash_damage': 39, 'puncture_damage': 32.5},3.0,
Kuva Kraken,1.05,0.20999999,2.3,0.28999996,Pistol,{'impact_damage': 32.25, 'slash_damage': 5.38, 'puncture_damage': 5.38},0.12511627906976744,
Kuva Nukor,0.5,0.07,5,0.5,Pistol,{'radiation_damage': 21},0,
Kuva Seer,0.94999999,0.20999999,1.9,0.33000004,Pistol,{'impact_damage': 26.2, 'slash_damage': 36.7, 'puncture_damage': 68.1},0.18350000000000002,
Kuva Twin Stubbas,0.89999998,0.23,1.9,0.31,Dual Pistols,{'impact_damage': 11.6, 'slash_damage': 12.7, 'puncture_damage': 2.7},0.4703703703703703,
Lato,1.4,0.1,1.8,0.060000002,Pistol,{'impact_damage': 7.5, 'slash_damage': 15, 'puncture_damage': 7.5},0.5,
Lato Prime,1.35,0.30000001,2,0.19999999,Pistol,{'impact_damage': 4.8, 'slash_damage': 33.6, 'puncture_damage': 9.6},0.7000000000000001,
Lato Vandal,1.35,0.25999999,2.4000001,0.10000002,Pistol,{'impact_damage': 6.9, 'slash_damage': 27.6, 'puncture_damage': 11.5},0.6,
Lex,1.25,0.2,2,0.10000002,Pistol,{'impact_damage': 13, 'slash_damage': 13, 'puncture_damage': 104},0.1,
Lex Prime,1.2,0.25,2,0.25,Pistol,{'impact_damage': 15, 'slash_damage': 15, 'puncture_damage': 120},0.1,
Magnus,1.53,0.22,2,0.22000003,Pistol,{'impact_damage': 34.2, 'slash_damage': 20.9, 'puncture_damage': 20.9},0.27499999999999997,
Mara Detron,1,0.079999998,1.5,0.1371429,Shotgun Sidearm,{'radiation_damage': 280},0,
Marelok,1.2,0.15000001,1.5,0.30000001,Pistol,{'impact_damage': 80, 'slash_damage': 64, 'puncture_damage': 16},0.4,
Mk1-Furis,1.4,0.050000001,2,0.0099999905,Pistol,{'impact_damage': 1.95, 'slash_damage': 1.95, 'puncture_damage': 9.1},0.1500000115384624,
Mk1-Kunai,1.51,0.050000001,2,0.024999976,Thrown,{'impact_damage': 4, 'slash_damage': 6, 'puncture_damage': 30},0.15,
Nukor,1.45,0.029999999,4,0.28999996,Pistol,{'radiation_damage': 22},0,
Ocucor,1.2,0.16,1.8,0.24000001,Pistol,{'puncture_damage': 1, 'radiation_damage': 10},0,
Pandero,1.1,0.30000001,2.8,0.10000002,Pistol,{'impact_damage': 18, 'slash_damage': 36, 'puncture_damage': 18},0.5,
Pandero Prime,0.75,0.30000001,2.8,0.24000001,Pistol,{'impact_damage': 26, 'slash_damage': 52, 'puncture_damage': 26},0.5,
Plinx,1.2,0.31999999,3,0.040000021,Pistol,{'puncture_damage': 26, 'heat_damage': 20},0,
Pox,1.2,0.0099999998,2,0.35000002,Thrown,{'toxin_damage': 50},0,
Prisma Angstrum,1.3,0.18000001,2.2,0.25999999,Pistol,{'blast_damage': 200},0,
Prisma Twin Gremlins,1.15,0.23,1.9,0.23000002,Dual Pistols,{'impact_damage': 3, 'slash_damage': 11.3, 'puncture_damage': 12.7},0.41851851851851857,
Pyrana,0.94999999,0.2,2,0.024999976,Shotgun Sidearm,{'impact_damage': 26.4, 'slash_damage': 211.2, 'puncture_damage': 26.4},9.6,
Pyrana Prime,0.60000002,0.23999999,2.2,0.036000013,Shotgun Sidearm,{'impact_damage': 19.2, 'slash_damage': 201.6, 'puncture_damage': 19.2},8.4,
Quatz,1.2,0.13,1.5,0.26999998,Pistol,{'puncture': 2, 'electricity': 11, 'impact_damage': 9, 'slash_damage': 7},0.2413793103448276,
Rakta Ballistica,1.2,0.050000001,1.5,0.10000002,Crossbow,{'impact_damage': 15, 'slash_damage': 15, 'puncture_damage': 270},0.05,
Sancti Castanas,1.35,0.23999999,2,0.34000003,Thrown,{'electricity_damage': 300},0,
Secura Dual Cestra,1.3,0.16,1.6,0.27999997,Dual Pistols,{'impact_damage': 5.6, 'puncture_damage': 22.4},0,
Seer,1.5,0.050000001,1.5,0.13,Pistol,{'impact_damage': 33.67, 'slash_damage': 33.67, 'puncture_damage': 33.67},0.3333663366336634,
Sepulcrum,0.94999999,0.30000001,2.2,0.13999999,Pistol,{'impact_damage': 9.6, 'slash_damage': 11.5, 'puncture_damage': 26.9},0.12234042553191489,
Sicarus,1.2,0.16,2,0.060000002,Pistol,{'impact_damage': 21, 'slash_damage': 4.5, 'puncture_damage': 4.5},0.15,
Sicarus Prime,1.1,0.25,2,0.19999999,Pistol,{'impact_damage': 20, 'slash_damage': 15, 'puncture_damage': 15},0.3,
Sonicor,1.15,0.1,2,0,Pistol,{'impact_damage': 150},0,
Spectra,1.49,0.14,2,0.22000003,Pistol,{'slash_damage': 10.4, 'puncture_damage': 7.6},0.5777777777777778,
Spectra Vandal,1.45,0.2,2,0.27999997,Pistol,{'slash_damage': 12.8, 'puncture_damage': 9.2},0.5818181818181819,
Spira,1.3,0.30000001,2,0.079999983,Thrown,{'impact_damage': 8.2, 'slash_damage': 24.6, 'puncture_damage': 49.2},0.30000000000000004,
Spira Prime,1.2,0.30000001,3,0.13999999,Thrown,{'impact_damage': 6, 'slash_damage': 6, 'puncture_damage': 48},0.1,
Staticor,0.69999999,0.14,2.2,0.27999997,Dual Pistols,{'radiation_damage': 44},0,
Stubba,1.35,0.23,1.9,0.13,Pistol,{'impact_damage': 14.2, 'slash_damage': 15.5, 'puncture_damage': 3.3},0.4696969696969697,
Stug,1.48,0.050000001,1.5,0,Pistol,{'corrosive_damage': 4},0,
Synoid Gammacor,1.05,0.2,2,0.27999997,Pistol,{'magnetic_damage': 20},0,
Talons,1.4400001,0.22,2,0.25999999,Thrown,{'blast_damage': 120},0,
Telos Akbolto,1.25,0.13,2,0.28999996,Dual Pistols,{'impact_damage': 4.7, 'puncture_damage': 42.3},0,
Twin Grakatas,1.15,0.25,2.7,0.16500002,Dual Pistols,{'impact_damage': 8, 'slash_damage': 5.3, 'puncture_damage': 6.7},0.53,
Twin Gremlins,1.2,0.15000001,1.5,0.14999998,Dual Pistols,{'impact_damage': 12.33, 'slash_damage': 12.33, 'puncture_damage': 12.33},0.3332432432432432,
Twin Kohmak,1.25,0.11,2,0.13800001,Dual Shotguns,{'impact_damage': 6, 'slash_damage': 18, 'puncture_damage': 6},0.6,
Twin Rogga,1.3,0.1,2,0.065999985,Dual Shotguns,{'impact_damage': 282, 'slash_damage': 70.5, 'puncture_damage': 352.5},1.4999998723404364,
Twin Vipers,1.45,0.15000001,1.5,0.11000001,Dual Pistols,{'impact_damage': 10.2, 'slash_damage': 5.1, 'puncture_damage': 1.7},0.3,
Twin Vipers Wraith,1.41,0.19,2,0.090000033,Dual Pistols,{'impact_damage': 14.4, 'slash_damage': 1.8, 'puncture_damage': 1.8},0.1,
Tysis,1.45,0.029999999,1.5,0.5,Pistol,{'puncture': 23, 'corrosive': 81, 'impact_damage': 9, 'slash_damage': 17},0.2236842105263158,
Vasto,1.4,0.2,1.8,0.079999983,Pistol,{'impact_damage': 14.5, 'slash_damage': 29, 'puncture_damage': 14.5},0.5,
Vasto Prime,1.35,0.22,2.4000001,0.22000003,Pistol,{'impact_damage': 9.9, 'slash_damage': 46.2, 'puncture_damage': 9.9},0.7000000000000001,
Vaykor Marelok,1.1,0.2,1.5,0.35000002,Pistol,{'impact_damage': 96, 'slash_damage': 48, 'puncture_damage': 16},0.3,
Velox,1.15,0.14,1.8,0.22000003,Pistol,{'impact_damage': 4.3, 'slash_damage': 11.5, 'puncture_damage': 8.2},0.4791666666666667,
Viper,1.45,0.15000001,1.5,0.11000001,Pistol,{'impact_damage': 10.2, 'slash_damage': 5.1, 'puncture_damage': 1.7},0.3,
Viper Wraith,1.4,0.19,2,0.090000033,Pistol,{'impact_damage': 14.4, 'slash_damage': 1.8, 'puncture_damage': 1.8},0.1,
Zakti,1.25,0.02,1.5,0.19999999,Pistol,{'impact_damage': 12, 'puncture_damage': 18},0,
Zakti Prime,0.89999998,0.079999998,1.8,0.41999996,Pistol,{'impact_damage': 12, 'puncture_damage': 18},0,
Zylok,1.25,0.079999998,2,0.25999999,Pistol,{'impact_damage': 44.8, 'slash_damage': 78.4, 'puncture_damage': 16.8},0.56,
Zymos,1.05,0.050000001,2.3,0.30000001,Pistol,{'impact_damage': 9.2, 'puncture_damage': 13.8},0,

Ack & Brunt,1.35,0.2,2,0.10000002,Sword And Shield,{'impact_damage': 14.9, 'slash_damage': 119.2, 'puncture_damage': 14.9},0.8,
Amphis,1.5,0.13,1.7,0.20999998,Staff,{'impact_damage': 91, 'slash_damage': 19.5, 'puncture_damage': 19.5},0.15,
Anku,1.46,0.2,2,0.10000002,Scythe,{'impact_damage': 25.5, 'slash_damage': 8.5, 'puncture_damage': 136},0.05,
Ankyros,1.45,0.2,2,0.10000002,Fist,{'impact_damage': 63, 'slash_damage': 13.5, 'puncture_damage': 13.5},0.15,
Ankyros Prime,1.45,0.28,2.4000001,0.15999997,Fist,{'impact_damage': 89.6, 'slash_damage': 19.2, 'puncture_damage': 19.2},0.15,
Arca Titron,1.3,0.23999999,2,0.38,Hammer,{'impact_damage': 234, 'slash_damage': 126},0.35,
Arum Spinosa,1.05,0.090000004,1.9,0.37,Warfan,{'impact_damage': 35.6, 'slash_damage': 202, 'puncture_damage': 59.4},0.6801346801346801,
Atterax,1.05,0.25,3,0.19999999,Whip,{'impact_damage': 6.45, 'slash_damage': 116.1, 'puncture_damage': 6.45},0.8999999999999999,
Bo,1.35,0.125,2,0.19999999,Staff,{'impact_damage': 126, 'puncture_damage': 14},0,
Bo Prime,1.35,0.23999999,2.5999999,0.31999999,Staff,{'impact_damage': 158.4, 'puncture_damage': 17.6},0,
Boltace,1.25,0.059999999,1.5,0.27999997,Tonfa,{'impact_damage': 17.6, 'slash_damage': 17.6, 'puncture_damage': 140.8},0.1,
Broken Scepter,1.4,0.1,2,0.30000001,Staff,{'impact_damage': 125.3, 'slash_damage': 35.8, 'puncture_damage': 17.9},0.19999999999999998,
Broken War,1.15,0.34999999,2.2,0.19999999,Sword,{'impact_damage': 18.7, 'slash_damage': 149.6, 'puncture_damage': 18.7},0.7999999999999999,
Cassowar,1.35,0.059999999,1.4,0.27999997,Polearm,{'impact_damage': 41.4, 'slash_damage': 82.7, 'puncture_damage': 63.9},0.4398936170212766,
Caustacyst,1.3,0.090000004,2,0.37,Scythe,{'puncture': 71, 'corrosive': 103, 'impact_damage': 17, 'slash_damage': 69},0.2653846153846154,
Ceramic Dagger,1.4299999,0.1,1.5,0.19999999,Dagger,{'impact_damage': 14, 'puncture_damage': 126},0,
Cerata,1.36,0.15000001,2,0.30000001,Glaive,{'puncture': 36, 'toxin': 76, 'impact_damage': 19, 'slash_damage': 52},0.28415300546448086,
Ceti Lacera,1.15,0.2,2,0.39999998,Blade And Whip,{'puncture': 38, 'electricity': 100, 'impact_damage': 12, 'slash_damage': 66},0.3055555555555556,
Cobra & Crane,1.3,0.15000001,1.5,0.36000001,Sword And Shield,{'impact_damage': 207.2, 'puncture_damage': 88.8},0,
Cronus,1.48,0.059999999,1.5,0.18000001,Sword,{'impact_damage': 31.8, 'slash_damage': 58.3, 'puncture_damage': 15.9},0.5499999999999999,
Dakra Prime,1.1,0.36000001,2.4000001,0.18000001,Sword,{'impact_damage': 17, 'slash_damage': 136, 'puncture_damage': 17},0.8,
Dark Dagger,1.1,0.079999998,1.5,0.22000003,Dagger,{'slash_damage': 36, 'puncture_damage': 58, 'radiation_damage': 60},0.23376623376623376,
Dark Split-Sword,1.21,0,2,0.10000002,Melee,
Dark Sword,1.48,0.050000001,1.5,0.39999998,Sword,{'slash_damage': 60, 'puncture_damage': 120, 'radiation_damage': 80},0.23076923076923078,
Destreza,1.25,0.28,2,0.13999999,Rapier,{'impact_damage': 3.95, 'slash_damage': 19.75, 'puncture_damage': 134.3},0.125,
Destreza Prime,1.14,0.31999999,3,0.19999999,Rapier,{'impact_damage': 20.4, 'slash_damage': 30.6, 'puncture_damage': 119},0.18000000000000002,
Dex Dakra,1.35,0.16,2,0.24000001,Dual Swords,{'impact_damage': 14.2, 'slash_damage': 113.6, 'puncture_damage': 14.2},0.7999999999999999,
Dragon Nikana,1.15,0.22,2,0.22000003,Nikana,{'impact_damage': 9.4, 'slash_damage': 159.8, 'puncture_damage': 18.8},0.8500000000000001,
Dual Cleavers,1.2,0.25,3,0.10000002,Dual Swords,{'impact_damage': 23.6, 'slash_damage': 109.9, 'puncture_damage': 23.6},0.7000000000000001,
Dual Ether,1.45,0.2,2,0.27999997,Dual Swords,{'impact_damage': 27, 'slash_damage': 126, 'puncture_damage': 27},0.7,
Dual Heat Swords,1.4400001,0.050000001,1.5,0.19999999,Dual Swords,{'impact_damage': 22.05, 'slash_damage': 102.9, 'puncture_damage': 22.05},0.7000000000000001,
Dual Ichor,1.16,0.25,3,0.14999998,Dual Swords,{'puncture': 11, 'toxin': 47, 'impact_damage': 19, 'slash_damage': 45},0.36885245901639346,
Dual Kamas,1.3,0.1,1.5,0.14999998,Dual Swords,{'impact_damage': 4.8, 'slash_damage': 81.6, 'puncture_damage': 9.6},0.8499999291666726,
Dual Kamas Prime,1.2,0.2,2,0.25,Dual Swords,{'impact_damage': 8, 'slash_damage': 120, 'puncture_damage': 32},0.75,
Dual Keres,1.1,0.28,2.5999999,0.13999999,Dual Swords,{'impact_damage': 13.8, 'slash_damage': 66.7, 'puncture_damage': 34.5},0.5800000000000001,
Dual Raza,1.4,0.25,3,0.10000002,Dual Swords,{'impact_damage': 11, 'slash_damage': 66, 'puncture_damage': 33},0.6,
Dual Skana,1.48,0.050000001,1.5,0.15999997,Dual Swords,{'impact_damage': 18, 'slash_damage': 84, 'puncture_damage': 18},0.7,
Dual Zoren,1.4400001,0.25,3,0.050000012,Dual Swords,{'impact_damage': 3.5, 'slash_damage': 63, 'puncture_damage': 3.5},0.9,
Endura,1.4,0.1,2,0.36000001,Rapier,{'impact_damage': 10, 'slash_damage': 50, 'puncture_damage': 140},0.25,
Ether Daggers,1.49,0.1,1.8,0.30000001,Dual Daggers,{'impact_damage': 33.6, 'slash_damage': 156.8, 'puncture_damage': 33.6},0.7000000000000001,
Ether Reaper,1.45,0.2,2,0.19999999,Scythe,{'impact_damage': 27, 'slash_damage': 126, 'puncture_damage': 27},0.7,
Ether Sword,1.4400001,0.1,1.5,0.34000003,Sword,{'impact_damage': 28.8, 'slash_damage': 134.4, 'puncture_damage': 28.8},0.7000000000000001,
Falcor,1.3,0.12,1.6,0.34000003,Glaive,{'puncture': 18, 'electricity': 84, 'impact_damage': 36, 'slash_damage': 92},0.4,
Fang,1.36,0.079999998,1.5,0.15999997,Dual Daggers,{'impact_damage': 16.2, 'slash_damage': 16.2, 'puncture_damage': 75.6},0.15,
Fang Prime,1.3,0.25999999,2.5999999,0.25999999,Dual Daggers,{'impact_damage': 26.7, 'slash_damage': 26.7, 'puncture_damage': 124.6},0.15,
Fragor,1.2,0.2,2,0.10000002,Hammer,{'impact_damage': 140, 'slash_damage': 30, 'puncture_damage': 30},0.15,
Fragor Prime,1.05,0.40000001,2.5,0.18000001,Hammer,{'impact_damage': 189, 'slash_damage': 40.5, 'puncture_damage': 40.5},0.15,
Furax,1.38,0.25,2.3,0.11000001,Fist,{'impact_damage': 94.5, 'slash_damage': 20.2, 'puncture_damage': 20.3},0.1496296296296296,
Furax Wraith,1.38,0.30000001,2.7,0.14999998,Fist,{'impact_damage': 97.3, 'slash_damage': 20.8, 'puncture_damage': 20.9},0.14964030930076394,
Galatine,1.05,0.1,2,0.19999999,Heavy Blade,{'impact_damage': 4.55, 'slash_damage': 172.9, 'puncture_damage': 4.55},0.9500000000000001,
Galatine Prime,0.80000001,0.25999999,2,0.25999999,Heavy Blade,{'impact_damage': 7, 'slash_damage': 266, 'puncture_damage': 7},0.95,
Galvacord,1.3,0.12,1.8,0.30000001,Whip,{'puncture': 38, 'electricity': 96, 'impact_damage': 12, 'slash_damage': 64},0.3047619047619048,
Gazal Machete,1.4,0.1,2,0.30000001,Machete,{'impact_damage': 17.8, 'slash_damage': 133.5, 'puncture_damage': 26.7},0.75,
Glaive,1.3,0.12,2,0.12,Glaive,{'impact_damage': 15.75, 'slash_damage': 73.5, 'puncture_damage': 15.75},0.7,
Glaive Prime,0.89999998,0.22,2,0.30000001,Glaive,{'impact_damage': 24.6, 'slash_damage': 114.8, 'puncture_damage': 24.6},0.7,
Gram,1.4400001,0.15000001,2,0.14999998,Heavy Blade,{'impact_damage': 24, 'slash_damage': 112, 'puncture_damage': 24},0.7,
Gram Prime,0.75,0.31999999,2.5999999,0.31999999,Heavy Blade,{'impact_damage': 60, 'slash_damage': 225, 'puncture_damage': 15},0.75,
Guandao,1.05,0.28,2.2,0.040000021,Polearm,{'impact_damage': 50.5, 'slash_damage': 141.4, 'puncture_damage': 10.1},0.7000000000000001,
Guandao Prime,0.64999998,0.31999999,2.4000001,0.19999999,Polearm,{'impact_damage': 60, 'slash_damage': 168, 'puncture_damage': 12},0.7,
Gunsen,1.35,0.16,2,0.27999997,Warfan,{'impact_damage': 12.8, 'slash_damage': 128, 'puncture_damage': 19.2},0.8,
Halikar,1.4400001,0.17,2,0.28999996,Glaive,{'impact_damage': 14.9, 'slash_damage': 14.9, 'puncture_damage': 119.2},0.1,
Halikar Wraith,0.75,0.19,2.3,0.35000002,Glaive,{'impact_damage': 22.5, 'slash_damage': 22.5, 'puncture_damage': 180},0.1,
Hate,1.1,0.30000001,2.5,0.19999999,Scythe,{'impact_damage': 34.5, 'slash_damage': 161, 'puncture_damage': 34.5},0.7,
Heat Dagger,1.4400001,0.14,1.6,0.13999999,Dagger,{'puncture': 76, 'heat': 62, 'impact_damage': 14, 'slash_damage': 56},0.2692307692307692,
Heat Sword,1.48,0.050000001,1.5,0.19999999,Sword,{'impact_damage': 14.7, 'slash_damage': 117.6, 'puncture_damage': 14.7},0.7999999999999999,
Heliocor,1.35,0.38,2,0.12,Hammer,{'impact_damage': 238, 'slash_damage': 14, 'puncture_damage': 28},0.05,
Hirudo,1.1,0.30000001,3,0.11000001,Sparring,{'impact_damage': 19.5, 'slash_damage': 6.5, 'puncture_damage': 104},0.05,
Jat Kittag,1.35,0.15000001,2,0.25,Hammer,{'impact_damage': 160, 'slash_damage': 10, 'puncture_damage': 30},0.0500000050000005,
Jat Kusar,1.1,0.34999999,2.5,0.19,Blade And Whip,{'puncture': 13, 'heat': 81, 'impact_damage': 79, 'slash_damage': 45},0.20642201834862386,
Jaw Sword,1.4,0.079999998,1.5,0.15999997,Sword,{'impact_damage': 6, 'slash_damage': 90, 'puncture_damage': 24},0.75,
Kama,1.47,0.12,1.8,0.10000002,Machete,{'impact_damage': 13.5, 'slash_damage': 63, 'puncture_damage': 13.5},0.7,
Karyst,1.35,0.1,2,0.25999999,Dagger,{'puncture': 84, 'toxin': 87, 'impact_damage': 30, 'slash_damage': 72},0.26373626373626374,
Karyst Prime,1.05,0.23999999,2.2,0.30000001,Dagger,{'puncture': 96, 'toxin': 96, 'impact_damage': 50, 'slash_damage': 102},0.29651162790697677,
Keratinos,1,0.13,2.0999999,0.28999996,Claws,{'puncture': 45, 'viral': 33, 'impact_damage': 79, 'slash_damage': 87},0.35655737704918034,
Kesheg,1.35,0.19,2.5,0.23000002,Polearm,{'impact_damage': 96.4, 'slash_damage': 120.5, 'puncture_damage': 24.1},0.5,
Kestrel,1.45,0.1,2,0.10000002,Glaive,{'impact_damage': 58.8, 'slash_damage': 12.6, 'puncture_damage': 12.6},0.15,
Kogake,1.46,0.2,2,0.10000002,Sparring,{'impact_damage': 84, 'slash_damage': 18, 'puncture_damage': 18},0.15,
Kogake Prime,1.4,0.16,1.8,0.38,Sparring,{'impact_damage': 169.4, 'slash_damage': 36.3, 'puncture_damage': 36.3},0.15,
Korrudo,1.35,0.31,2.5,0.090000033,Sparring,{'impact_damage': 110, 'slash_damage': 77.2, 'puncture_damage': 5.8},0.4,
Kreska,1.3,0.14,2,0.22000003,Machete,{'puncture': 15, 'heat': 100, 'impact_damage': 30, 'slash_damage': 45},0.23684210526315788,
Krohkur,1.35,0.28999999,2.3,0.19,Sword,{'impact_damage': 26, 'slash_damage': 151.9, 'puncture_damage': 39.1},0.7000000000000001,
Kronen,1.4299999,0.1,1.5,0.19999999,Tonfa,{'impact_damage': 13, 'slash_damage': 104, 'puncture_damage': 13},0.8,
Kronen Prime,0.64999998,0.22,2,0.34000003,Tonfa,{'impact_damage': 21.2, 'slash_damage': 169.6, 'puncture_damage': 21.2},0.7999999999999999,
Kuva Shildeg,0.75,0.31,2.7,0.26999998,Hammer,{'impact_damage': 75.8, 'slash_damage': 28.7, 'puncture_damage': 100.5},0.13999999999999999,
Lacera,1.3099999,0.050000001,2,0.44999999,Blade And Whip,{'puncture': 38, 'electricity': 100, 'impact_damage': 12, 'slash_damage': 66},0.3055555555555556,
Lecta,1.25,0.050000001,1.5,0.25,Whip,{'slash_damage': 25, 'puncture_damage': 20, 'electricity_damage': 56},0.24752475247524752,
Lesion,0.69999999,0.15000001,2,0.37,Polearm,{'impact_damage': 47.4, 'slash_damage': 177.75, 'puncture_damage': 11.85},0.75,
Machete,1.45,0.1,1.5,0.14999998,Machete,{'impact_damage': 18, 'slash_damage': 84, 'puncture_damage': 18},0.7,
Machete Wraith,1.4,0.19,2.0999999,0.33000004,Machete,{'impact_damage': 31.65, 'slash_damage': 147.7, 'puncture_damage': 31.65},0.7,
Magistar,1.35,0.2,2,0.10000002,Hammer,{'impact_damage': 168, 'slash_damage': 10.5, 'puncture_damage': 31.5},0.05000000476190522,
Masseter,1.2,0.23999999,2,0.27999997,Heavy Blade,{'impact_damage': 135, 'slash_damage': 106},0.43983402489626555,
Mios,1.25,0.19,2,0.25,Blade And Whip,{'impact_damage': 53.1, 'slash_damage': 79.65, 'puncture_damage': 44.25},0.45,
Mire,1.3,0.090000004,1.5,0.31,Sword,{'puncture': 23, 'toxin': 65, 'impact_damage': 23, 'slash_damage': 47},0.2974683544303797,
Mk1-Bo,1.4,0.1,2,0.10000002,Staff,{'impact_damage': 81, 'puncture_damage': 9},0,
Mk1-Furax,1.45,0.2,2,0.10000002,Fist,{'impact_damage': 63, 'slash_damage': 13.5, 'puncture_damage': 13.5},0.15,
Nami Skyla,1.3,0.1,1.5,0.14999998,Dual Swords,{'impact_damage': 18.75, 'slash_damage': 87.5, 'puncture_damage': 18.75},0.7,
Nami Skyla Prime,1,0.22,2,0.34000003,Dual Swords,{'impact_damage': 18, 'slash_damage': 126, 'puncture_damage': 36},0.7,
Nami Solo,1.4299999,0.15000001,2,0.25,Machete,{'impact_damage': 25.8, 'slash_damage': 120.4, 'puncture_damage': 25.8},0.7000000000000001,
Nikana,0.94999999,0.16,2,0.15999997,Nikana,{'impact_damage': 7.1, 'slash_damage': 120.7, 'puncture_damage': 14.2},0.85,
Nikana Prime,0.60000002,0.28,2.4000001,0.27999997,Nikana,{'impact_damage': 9.9, 'slash_damage': 178.2, 'puncture_damage': 9.9},0.8999999999999999,
Ninkondi,1.41,0.1,2,0.35000002,Nunchaku,{'impact_damage': 90, 'electricity_damage': 100},0,
Ninkondi Prime,1.1,0.22,2.4000001,0.36000001,Nunchaku,{'puncture': 28, 'electricity': 90, 'impact_damage': 66, 'slash_damage': 50},0.21367521367521367,
Obex,1.3,0.25,2,0.10000002,Sparring,{'impact_damage': 84, 'slash_damage': 18, 'puncture_damage': 18},0.15,
Ohma,1.15,0.15000001,2,0.30000001,Tonfa,{'impact_damage': 76, 'slash_damage': 38, 'electricity_damage': 110},0.16964285714285715,
Okina,1.4,0.16,2,0.19999999,Dual Daggers,{'impact_damage': 7, 'slash_damage': 70, 'puncture_damage': 63},0.5,
Orthos,1,0.059999999,1.5,0.18000001,Polearm,{'impact_damage': 27.75, 'slash_damage': 129.5, 'puncture_damage': 27.75},0.7,
Orthos Prime,0.64999998,0.23999999,2.2,0.36000001,Polearm,{'impact_damage': 35.1, 'slash_damage': 163.8, 'puncture_damage': 35.1},0.7000000000000001,
Orvius,1.35,0.18000001,2,0.18000001,Glaive,{'impact_damage': 39, 'slash_damage': 146.25, 'puncture_damage': 9.75},0.75,
Pangolin Prime,1,0.25999999,2.2,0.30000001,Sword,{'impact_damage': 12.4, 'slash_damage': 198.4, 'puncture_damage': 37.2},0.7999999354838762,
Pangolin Sword,1.47,0.079999998,1.5,0.22000003,Sword,{'impact_damage': 7.5, 'slash_damage': 120, 'puncture_damage': 22.5},0.8,
Paracesis,0.60000002,0.31,2.5999999,0.22000003,Heavy Blade,{'impact_damage': 48.8, 'slash_damage': 155.4, 'puncture_damage': 17.8},0.7000000000000001,
Pathocyst,1.3,0.15000001,2.0999999,0.30000001,Glaive,{'puncture': 55, 'viral': 89, 'impact_damage': 57, 'slash_damage': 61},0.23282442748091603,
Pennant,0.85000002,0.31999999,2.4000001,0.10000002,Two-Handed Nikana,{'impact_damage': 20, 'slash_damage': 40, 'puncture_damage': 140},0.2,
Plasma Sword,1.48,0.18000001,2,0.18000001,Sword,{'puncture': 12, 'electricity': 66, 'impact_damage': 34, 'slash_damage': 88},0.44,
Prisma Dual Cleavers,1.1,0.25,3,0.25,Dual Swords,{'impact_damage': 13.3, 'slash_damage': 106.4, 'puncture_damage': 13.3},0.8,
Prisma Machete,1.45,0.15000001,1.9,0.31,Machete,{'impact_damage': 28.4, 'slash_damage': 132.3, 'puncture_damage': 28.4},0.6854922279792747,
Prisma Obex,1.25,0.25,2,0.30000001,Sparring,{'impact_damage': 105, 'slash_damage': 22.5, 'puncture_damage': 22.5},0.15,
Prisma Skana,1.2,0.28,2.2,0.15999997,Sword,{'impact_damage': 25.5, 'slash_damage': 119, 'puncture_damage': 25.5},0.7,
Prova,1.4,0.14,2,0.15999997,Machete,{'impact_damage': 52, 'electricity_damage': 76},0,
Prova Vandal,1.35,0.14,2,0.31999999,Machete,{'impact_damage': 80, 'electricity_damage': 118},0,
Pulmonars,1.05,0.19,2.3,0.33000004,Nunchaku,{'impact_damage': 193, 'viral_damage': 97},0,
Pupacyst,1.3,0.13,1.5,0.26999998,Polearm,{'impact_damage': 139, 'viral_damage': 145},0,
Quassus,1,0.30000001,2,0.12,Warfan,{'impact_damage': 27.6, 'slash_damage': 156.4, 'puncture_damage': 46},0.68,
Rakta Dark Dagger,0.94999999,0.12,1.8,0.30000001,Dagger,{'slash_damage': 62, 'puncture_damage': 88, 'radiation_damage': 96},0.25203252032520324,
Reaper Prime,0.69999999,0.34999999,2.5,0.25,Scythe,{'impact_damage': 30, 'slash_damage': 140, 'puncture_damage': 30},0.7,
Redeemer,1.05,0.1,1.8,0.22000003,Gunblade,{'impact_damage': 18, 'slash_damage': 126, 'puncture_damage': 36},0.7,
Redeemer Prime,0.60000002,0.23999999,2.2,0.30000001,Gunblade,{'impact_damage': 21.2, 'slash_damage': 148.4, 'puncture_damage': 42.4},0.7000000000000001,
Ripkas,1.38,0.2,2,0.14999998,Claws,{'impact_damage': 8.65, 'slash_damage': 147.05, 'puncture_damage': 17.3},0.8500000000000001,
Sancti Magistar,1.25,0.30000001,2,0.19999999,Hammer,{'impact_damage': 192, 'slash_damage': 12, 'puncture_damage': 36},0.050000004166667014,
Sarpa,1.24,0.14,2,0.27999997,Gunblade,{'impact_damage': 16, 'slash_damage': 112, 'puncture_damage': 32},0.7,
Scindo,1.35,0.15000001,1.5,0.10000002,Heavy Blade,{'impact_damage': 20, 'slash_damage': 160, 'puncture_damage': 20},0.8,
Scindo Prime,1.25,0.25999999,2.4000001,0.24000001,Heavy Blade,{'impact_damage': 25, 'slash_damage': 200, 'puncture_damage': 25},0.8,
Scoliac,1.3,0.13,1.5,0.28999996,Whip,{'impact_damage': 22.5, 'slash_damage': 105, 'puncture_damage': 22.5},0.7,
Secura Lecta,1.1,0.15000001,1.5,0.30000001,Whip,{'slash_damage': 66, 'puncture_damage': 30, 'electricity_damage': 80},0.375,
Serro,1.38,0.079999998,1.5,0.25999999,Polearm,{'slash_damage': 96, 'electricity_damage': 138},0.41025641025641024,
Shaku,1.35,0.18000001,2,0.34000003,Nunchaku,{'impact_damage': 180},0,
Sheev,1.35,0.13,2.0999999,0.25,Dagger,{'impact_damage': 13.5, 'slash_damage': 243, 'puncture_damage': 13.5},0.9,
Sibear,1.35,0.15000001,2,0.30000001,Hammer,{'puncture': 20, 'cold': 130, 'impact_damage': 70, 'slash_damage': 50},0.18518518518518517,
Sigma & Octantis,1,0.28,2.2,0.15999997,Sword And Shield,{'impact_damage': 38.3, 'slash_damage': 107.9, 'puncture_damage': 27.8},0.6201149425287357,
Silva & Aegis,1.15,0.050000001,1.5,0.19999999,Sword And Shield,{'heat_damage': 98},0,
Silva & Aegis Prime,1,0.25,2,0.30000001,Sword And Shield,{'heat_damage': 318},0,
Skana,1.3,0.050000001,1.5,0.15999997,Sword,{'impact_damage': 18, 'slash_damage': 84, 'puncture_damage': 18},0.7,
Skana Prime,1.2,0.25999999,2.5999999,0.25999999,Sword,{'impact_damage': 31.5, 'slash_damage': 147, 'puncture_damage': 31.5},0.7,
Skiajati,0.89999998,0.19,2.0999999,0.30000001,Nikana,{'impact_damage': 26.25, 'slash_damage': 136.5, 'puncture_damage': 12.25},0.78,
Stropha,0.5,0.30000001,2.4000001,0.13999999,Gunblade,{'impact_damage': 61.6, 'slash_damage': 83.6, 'puncture_damage': 74.8},0.37999999999999995,
Sydon,1.35,0.1,2,0.25,Polearm,{'impact_damage': 11.25, 'puncture_damage': 213.75},0,
Synoid Heliocor,1.35,0.16,2,0.39999998,Hammer,{'impact_damage': 238, 'slash_damage': 14, 'puncture_damage': 28},0.05,
Tatsu,0.94999999,0.16,2,0.27999997,Two-Handed Nikana,{'puncture': 54, 'radiation': 72, 'impact_damage': 20, 'slash_damage': 68},0.3177570093457944,
Tekko,1.4,0.30000001,2,0.10000002,Fist,{'impact_damage': 32, 'slash_damage': 112, 'puncture_damage': 16},0.7,
Tekko Prime,1.3,0.30000001,2.4000001,0.25999999,Fist,{'impact_damage': 39.6, 'slash_damage': 115.2, 'puncture_damage': 25.2},0.64,
Telos Boltace,1.05,0.2,2,0.35000002,Tonfa,{'impact_damage': 21, 'slash_damage': 10.5, 'puncture_damage': 178.5},0.05000000476190522,
Tipedo,1.3099999,0.2,2,0.19999999,Staff,{'impact_damage': 12.4, 'slash_damage': 99.2, 'puncture_damage': 12.4},0.7999999354838762,
Tipedo Prime,1.25,0.23999999,2.4000001,0.24000001,Staff,{'impact_damage': 17, 'slash_damage': 136, 'puncture_damage': 17},0.8,
Tonbo,1.38,0.050000001,2,0.25,Polearm,{'impact_damage': 18.4, 'slash_damage': 138, 'puncture_damage': 27.6},0.75,
Twin Basolk,1.3,0.050000001,2,0.39999998,Dual Swords,{'puncture': 15, 'heat': 85, 'impact_damage': 55, 'slash_damage': 55},0.2619047369614536,
Twin Krohkur,1.2,0.19,1.7,0.33000004,Dual Swords,{'impact_damage': 30, 'slash_damage': 175, 'puncture_damage': 45},0.7,
Vaykor Sydon,1.3,0.20999999,2.5,0.33000004,Polearm,{'impact_damage': 10.7, 'puncture_damage': 202.3},0,
Venka,1.05,0.15000001,2,0.14999998,Claws,{'impact_damage': 7, 'slash_damage': 98, 'puncture_damage': 35},0.7,
Venka Prime,0.80000001,0.31999999,2.5999999,0.24000001,Claws,{'impact_damage': 9.4, 'slash_damage': 141, 'puncture_damage': 37.6},0.75,
Vitrica,0.85000002,0.23,2.3,0.33000004,Heavy Blade,{'impact_damage': 99.9, 'slash_damage': 133.2, 'puncture_damage': 99.9},0.39999999999999997,
Volnus,1.35,0.18000001,1.6,0.30000001,Hammer,{'impact_damage': 48.4, 'slash_damage': 101.2, 'puncture_damage': 70.4},0.459999958181822,
Volnus Prime,0.5,0.2,1.8,0.34000003,Hammer,{'impact_damage': 55, 'slash_damage': 115, 'puncture_damage': 80},0.46,
War,1,0.25999999,2.5999999,0.25999999,Heavy Blade,{'impact_damage': 120, 'slash_damage': 70, 'puncture_damage': 60},0.28,
Wolf Sledge,1.25,0.17,1.9,0.33000004,Hammer,{'impact_damage': 132.1, 'slash_damage': 119.1, 'puncture_damage': 7.8},0.4598455598455598,
Xoris,0.64999998,0.2,2.4000001,0.18000001,Glaive,{'impact_damage': 24, 'slash_damage': 55.2, 'puncture_damage': 40.8},0.46,
Zenistar,1.1,0.1,2,0.30000001,Heavy Blade,{'impact_damage': 80, 'slash_damage': 68, 'heat_damage': 150},0.22818791946308725,

Corvas,1.05,0.40000001,2.5999999,0.13,,{'impact_damage': 200, 'heat_damage': 240},0,
Cyngas,1.3,0.2,2.2,0.30000001,,{'impact_damage': 39.6, 'slash_damage': 40.8, 'puncture_damage': 39.6},0.33999999999999997,
Dual Decurion,1.25,0.28,2.2,0.13999999,,{'impact_damage': 49.5, 'slash_damage': 30.2, 'puncture_damage': 30.3},0.27454545454545454,
Fluctus,0.89999998,0.22,2,0.15999997,,{'impact_damage': 50, 'slash_damage': 175, 'puncture_damage': 25},0.7,
Grattler,0.94999999,0.25,2,0.25,,{'impact_damage': 10, 'slash_damage': 10, 'puncture_damage': 80},0.03278688524590164,
Imperator,0.85000002,0.23999999,2,0.12,,{'impact_damage': 20, 'slash_damage': 12.5, 'puncture_damage': 17.5},0.25,
Imperator Vandal,0.85000002,0.28,2.4000001,0.12,,{'impact_damage': 20, 'slash_damage': 12.5, 'puncture_damage': 17.5},0.25,
Larkspur,0.80000001,0.1,1.4,0.5,,{'impact_damage': 10, 'radiation_damage': 80},0,
Phaedra,1.15,0.14,2,0.30000001,,{'impact_damage': 14, 'slash_damage': 5.6, 'puncture_damage': 36.4},0.09999999999999999,
Velocitus,1.05,0.30000001,2,0.25,,{'puncture': 150, 'magnetic': 150, 'impact_damage': 150, 'slash_damage': 150},0.09375,

Agkuza,0.5,0.050000001,1.5,0.14999998,,{'impact_damage': 65.4, 'slash_damage': 65.4, 'puncture_damage': 305.2},0.15000001032110163,
Centaur,0.5,0.25,2,0.19999999,,{'impact_damage': 37.6, 'slash_damage': 263.2, 'puncture_damage': 75.2},0.7,
Kaszas,0.5,0.15000001,2,0.19999999,,{'impact_damage': 19.7, 'slash_damage': 58.7, 'puncture_damage': 313.6},0.1497448979591837,
Knux,0.5,0.13,2,0.30000001,,{'impact_damage': 400.5, 'slash_damage': 22.25, 'puncture_damage': 22.25},0.05,
Onorix,0.5,0.15000001,1.25,0.050000012,,{'impact_damage': 123.6, 'slash_damage': 206, 'puncture_damage': 82.4},0.5,
Prisma Veritux,0.5,0.30000001,2,0.19999999,,{'impact_damage': 59.1, 'slash_damage': 275.8, 'puncture_damage': 59.1},0.7000000000000001,
Rathbone,0.5,0.2,2,0.12,,{'impact_damage': 360, 'slash_damage': 22.5, 'puncture_damage': 67.5},0.050000003333333556,
Veritux,0.5,0.050000001,1.5,0.10000002,,{'impact_damage': 70.5, 'slash_damage': 329, 'puncture_damage': 70.5},0.7,

